{"color":{"l":359.58332999999999,"h":35.68627,"a":1,"s":79.12088}}